<?xml version='1.0' encoding='UTF-8'?>  
<!DOCTYPE hibernate-configuration PUBLIC  
          "-//Hibernate/Hibernate Configuration DTD 5.3//EN"  
          "http://hibernate.sourceforge.net/hibernate-configuration-5.3.dtd">

<hibernate-configuration>

	<session-factory>

		<property name="connection.url">jdbc:mysql://localhost:5000/techment</property>
		<property name="connection.username">root</property>
		<property name="connection.password">Bodygaurd@2013</property>
		<property name="connection.driver_class">com.mysql.cj.jdbc.Driver</property>

		<property name="hbm2ddl.auto">update</property>
		<property name="show_sql">true</property>
		<property name="dialect">org.hibernate.dialect.MySQL8Dialect</property>

		<mapping resource="employee.hbm.xml" />
	</session-factory>

</hibernate-configuration> 